nome,cognome,email,indirizzo
Lizzie,Vaudin,lvaudin0@furl.net,2393 Clove Hill
Kirstin,Bordman,kbordman1@shutterfly.com,7 Green Ridge Plaza
Sapphire,Huetson,shuetson2@cnn.com,6 Brown Alley
Sebastien,Faulconer,sfaulconer3@miitbeian.gov.cn,678 Fairfield Hill
Jed,Crippen,jcrippen4@ibm.com,0581 Fuller Alley
Kinny,Calow,kcalow5@ftc.gov,78796 Saint Paul Court
Lorine,Fearnehough,lfearnehough6@google.pl,246 Sheridan Crossing
Caye,Owthwaite,cowthwaite7@thetimes.co.uk,023 Farwell Plaza
Gail,Leak,gleak8@timesonline.co.uk,34582 Ridgeview Lane
Amata,Wolfindale,awolfindale9@admin.ch,386 Maywood Junction
Hetty,De Ortega,hdeortegaa@squarespace.com,5496 Truax Center
Sharon,Lawty,slawtyb@nbcnews.com,1237 Buhler Street
Harriette,Spurier,hspurierc@hugedomains.com,79010 South Place
Camey,Cuckson,ccucksond@theguardian.com,4 David Street
Judie,Kynett,jkynette@weibo.com,30452 Stang Park
Brita,Shellcross,bshellcrossf@elegantthemes.com,55686 Debs Street
Ulla,Askin,uasking@timesonline.co.uk,780 Truax Place
Murvyn,Sibbons,msibbonsh@arizona.edu,121 Randy Hill
Neal,Dyka,ndykai@free.fr,2021 Sunfield Avenue
Bliss,Guidini,bguidinij@washington.edu,130 Hanson Terrace
Cam,Kinsett,ckinsettk@europa.eu,2 Ridgeway Circle
Aretha,Tregido,atregidol@yellowbook.com,08 Fordem Circle
Barbara,Hutten,bhuttenm@issuu.com,969 Duke Street
Berton,Cray,bcrayn@washingtonpost.com,3 Hallows Pass
Frances,Drew-Clifton,fdrewcliftono@mayoclinic.com,49772 Bartillon Court
Trueman,Wloch,twlochp@nbcnews.com,7 Menomonie Trail
Ree,Lynn,rlynnq@eepurl.com,021 Dovetail Point
Jaquenetta,Brikner,jbriknerr@homestead.com,72 Forest Run Hill
Karissa,Petrosian,kpetrosians@symantec.com,51 Arkansas Alley
Molli,Minchell,mminchellt@skype.com,878 Straubel Point
Gertie,Broseman,gbrosemanu@shop-pro.jp,799 Fairview Circle
Raleigh,Tomalin,rtomalinv@booking.com,599 Moose Point
Beckie,D''Angeli,bdangeliw@thetimes.co.uk,64223 Barby Parkway
Beverley,Quail,bquailx@loc.gov,334 Esch Pass
Ellissa,Napton,enaptony@w3.org,51757 Mcbride Parkway
Carling,Bake,cbakez@epa.gov,19881 Northland Hill
Lurleen,Duncanson,lduncanson10@flavors.me,42 Fairview Hill
Eran,Guys,eguys11@ustream.tv,6 Raven Park
Dwain,Laminman,dlaminman12@so-net.ne.jp,21 Crownhardt Pass
Woodman,Serrels,wserrels13@freewebs.com,298 School Place
Hermy,Tooker,htooker14@cyberchimps.com,12 Sheridan Street
Milton,MacGall,mmacgall15@timesonline.co.uk,07812 Oriole Crossing
Gardner,Prin,gprin16@japanpost.jp,05 Bartillon Court
Leonelle,Gettens,lgettens17@posterous.com,38403 Loftsgordon Alley
Micky,Fotheringham,mfotheringham18@theguardian.com,840 Bellgrove Court
Rob,MacNair,rmacnair19@chron.com,769 North Parkway
Ignacius,Pridden,ipridden1a@angelfire.com,639 Ruskin Center
Tyrone,Reeders,treeders1b@hao123.com,2 Dakota Road
Pietra,Ash,pash1c@youku.com,1056 Badeau Street
Ashleigh,Traut,atraut1d@reuters.com,14106 Schmedeman Road
Margaretha,Kew,mkew1e@hp.com,749 Esker Center
Ben,Minichillo,bminichillo1f@sciencedirect.com,1 Arapahoe Plaza
Zerk,Lomasna,zlomasna1g@zdnet.com,9 American Ash Lane
Ninette,Riquet,nriquet1h@ow.ly,0764 Knutson Junction
Robin,Clayworth,rclayworth1i@51.la,66 Fairfield Parkway
Munroe,Bubbins,mbubbins1j@google.fr,11 Loftsgordon Crossing
Gretal,Beardsall,gbeardsall1k@state.tx.us,27543 Clyde Gallagher Road
Vivianne,Newe,vnewe1l@yellowpages.com,477 Dahle Road
Jordana,Cristofol,jcristofol1m@ucoz.com,87 Farwell Trail
Chelsy,Figgures,cfiggures1n@wordpress.com,5999 Golf Crossing
Erick,Hinder,ehinder1o@tripadvisor.com,599 Sunbrook Road
Christie,Gunthorp,cgunthorp1p@amazon.co.jp,5462 Corscot Crossing
Nellie,Paradyce,nparadyce1q@linkedin.com,84 Summit Pass
Hodge,Mander,hmander1r@webeden.co.uk,1113 Upham Drive
Ignazio,Haster,ihaster1s@360.cn,16 Grover Park
Quintus,Merricks,qmerricks1t@chron.com,79 Banding Court
Gwyn,Gascar,ggascar1u@list-manage.com,83 Northport Lane
Rolfe,Maudett,rmaudett1v@example.com,861 Maple Wood Center
Rowney,Bentame,rbentame1w@deliciousdays.com,56937 Eagle Crest Circle
Baudoin,Bowller,bbowller1x@ameblo.jp,54 Holy Cross Terrace
Jules,Maybey,jmaybey1y@php.net,59633 Knutson Street
Donna,Yerlett,dyerlett1z@jiathis.com,2 Barnett Crossing
Laurie,Cicchillo,lcicchillo20@accuweather.com,62358 Glacier Hill Drive
Hubert,Foker,hfoker21@nifty.com,0982 Corry Way
Araldo,Hunter,ahunter22@wired.com,3 Charing Cross Center
Levy,Subhan,lsubhan23@about.me,72 Mendota Court
Miner,Stuehmeyer,mstuehmeyer24@smugmug.com,7 Tennessee Drive
Sheba,Dassindale,sdassindale25@microsoft.com,384 Debs Junction
Benny,Sorley,bsorley26@taobao.com,68 Graedel Way
Chandal,Gantley,cgantley27@taobao.com,27901 Charing Cross Crossing
Bordy,Ponceford,bponceford28@yellowbook.com,01092 Acker Junction
Derick,Haynesford,dhaynesford29@blogs.com,52 Harbort Parkway
Arin,Maypother,amaypother2a@privacy.gov.au,27 Knutson Street
Mirabelle,Aleksahkin,maleksahkin2b@wired.com,152 Badeau Point
Jacquette,Fley,jfley2c@craigslist.org,99711 Nova Alley
Hannis,Kelling,hkelling2d@wordpress.org,8 Cascade Pass
Dominik,Sleet,dsleet2e@bluehost.com,683 Meadow Vale Crossing
Donalt,Cumbers,dcumbers2f@telegraph.co.uk,0 Chive Trail
Tracey,Beartup,tbeartup2g@slideshare.net,02 Granby Plaza
Traci,Artz,tartz2h@ft.com,6 Cherokee Lane
Karyl,Pinck,kpinck2i@themeforest.net,88 Comanche Center
Sherie,Childers,schilders2j@house.gov,6 Roxbury Avenue
Romona,Klimke,rklimke2k@paginegialle.it,85318 Sunfield Way
Adan,D''Aguanno,adaguanno2l@state.gov,025 Charing Cross Avenue
Noelle,Eager,neager2m@jiathis.com,65 Caliangt Point
Arlena,O''Hoey,aohoey2n@rediff.com,02 Bonner Drive
Evyn,Jolly,ejolly2o@businesswire.com,063 Loomis Plaza
Boonie,Ager,bager2p@opensource.org,8736 Longview Circle
Quill,Lyon,qlyon2q@php.net,11 Manitowish Plaza
Lissie,Lambswood,llambswood2r@auda.org.au,6 Rieder Lane
Gill,MacCartney,gmaccartney2s@nyu.edu,18 Petterle Trail
Kelly,Thunnercliffe,kthunnercliffe2t@geocities.jp,809 Cordelia Terrace
Zilvia,Twiddy,ztwiddy2u@foxnews.com,6 Troy Place
Chad,Sapey,csapey2v@usda.gov,171 Meadow Vale Place
Yorker,Petts,ypetts2w@apache.org,85432 Ronald Regan Court
Janifer,Robbe,jrobbe2x@howstuffworks.com,420 Mesta Drive
Marylin,Wrates,mwrates2y@paypal.com,4 Pleasure Center
Nertie,Boother,nboother2z@rakuten.co.jp,464 Nancy Plaza
Yard,Walklate,ywalklate30@china.com.cn,815 Ridge Oak Drive
Cynthea,Studde,cstudde31@sfgate.com,8626 Artisan Place
Agna,Vasler,avasler32@soundcloud.com,18936 Kensington Center
Nat,Buttress,nbuttress33@livejournal.com,7 Summit Alley
Rhea,Tunmore,rtunmore34@dedecms.com,7571 Debs Street
Codie,Colledge,ccolledge35@godaddy.com,346 Grasskamp Trail
Emilie,Deville,edeville36@wordpress.com,0911 Eliot Lane
Taber,Bibby,tbibby37@smh.com.au,22128 Myrtle Lane
Jaquenette,Aylwin,jaylwin38@scientificamerican.com,1327 Claremont Junction
Corly,Gouley,cgouley39@squarespace.com,63936 Eagan Circle
Francklin,Krojn,fkrojn3a@vistaprint.com,2493 Talisman Trail
Cinda,Rodie,crodie3b@wiley.com,524 Crest Line Park
Cort,Sivyour,csivyour3c@1und1.de,62 Helena Avenue
Lanita,Spurret,lspurret3d@java.com,69 Doe Crossing Place
Loren,Shieber,lshieber3e@omniture.com,72594 Rutledge Road
Oliver,Jockle,ojockle3f@netscape.com,4 Blue Bill Park Avenue
Dorri,Baggarley,dbaggarley3g@scribd.com,6479 Mcbride Crossing
Bethena,Mertel,bmertel3h@devhub.com,59058 Declaration Drive
Waverly,Strainge,wstrainge3i@i2i.jp,80394 Bartelt Road
Latrina,Dingle,ldingle3j@apache.org,97 Golf Place
Julita,Warboy,jwarboy3k@newsvine.com,51 Waubesa Road
Elyssa,Dannel,edannel3l@amazon.co.uk,7709 Shasta Avenue
Marlowe,Kristufek,mkristufek3m@etsy.com,215 Derek Terrace
Michal,Dunkirk,mdunkirk3n@free.fr,277 Walton Avenue
Graham,Beebe,gbeebe3o@pcworld.com,0302 Stuart Plaza
Andree,Duckworth,aduckworth3p@unblog.fr,376 Maywood Way
Brendis,Ganley,bganley3q@constantcontact.com,04522 Eagle Crest Road
Elberta,Wason,ewason3r@desdev.cn,98353 Onsgard Terrace
Stephenie,Agglio,sagglio3s@zimbio.com,70 Kenwood Plaza
Yoshiko,Boldero,yboldero3t@123-reg.co.uk,4 Green Place
Aindrea,Sirr,asirr3u@google.ru,11 Lillian Street
Chelsie,Leavry,cleavry3v@xrea.com,6846 Kropf Point
George,Dabner,gdabner3w@instagram.com,04838 Crest Line Way
Elga,Dearnley,edearnley3x@bloglines.com,6 Lotheville Park
Zollie,Dunnico,zdunnico3y@stanford.edu,5 Evergreen Plaza
Saraann,Trunkfield,strunkfield3z@chicagotribune.com,244 Riverside Crossing
Hephzibah,Tyce,htyce40@reverbnation.com,62483 Kensington Plaza
Irvine,Echelle,iechelle41@gravatar.com,410 Northwestern Crossing
Immanuel,Oda,ioda42@state.tx.us,3 Ryan Trail
Nolie,Aliberti,naliberti43@yelp.com,1 Havey Hill
Geoff,Kinkaid,gkinkaid44@bravesites.com,439 Beilfuss Terrace
Bernie,Budnik,bbudnik45@ibm.com,77884 Sunfield Street
